ClaNAE-CNE'2004/05,DESCRIPCIÓN ClaNAE-CNE'2004/05,ClaNAE-CNE'1994
05,"PESCA, EXPLOTACIÓN DE CRIADEROS DE PECES, GRANJAS PISCÍCOLAS Y SERVICIOS CONEXOS",
050,Pesca y servicios conexos,
0501,Pesca y recolección de productos marinos,
05011,Pesca marítima: costera y de altura,05000 p
05012,Pesca continental : fluvial y lacustre,05000 p
05013,Recolección de productos marinos,05000 p
0502,"Explotación de criaderos de peces, granjas piscícolas y otros frutos acuáticos (acuicultura)",
05020,"Explotación de criaderos de peces, granjas piscícolas y otros frutos acuáticos (acuicultura)",05000 p
0503,Servicios para la pesca,
05030,Servicios para la pesca,05000 p
10,EXTRACCIÓN DE CARBÓN Y LIGNITO; EXTRACCIÓN DE TURBA,
100,Extracción de carbón y lignito; extracción de turba,
1000,Extracción de carbón y lignito; extracción de turba,
10000,Extracción de carbón y lignito; extracción de turba,10000
11,"EXTRACCIÓN DE PETRÓLEO CRUDO Y GAS NATURAL; ACTIVIDADES DE SERVICIOS RELACIONADAS CON LA EXTRACCIÓN DE PETRÓLEO Y GAS, EXCEPTO LAS ACTIVIDADES DE PROSPECCIÓN",
111,Extracción de petróleo crudo y gas natural,
1110,Extracción de petróleo crudo y gas natural,
11100,Extracción de petróleo crudo y gas natural,11100
112,"Actividades  de servicios relacionadas con la extracción de petróleo y gas, excepto las actividades de prospección",
1120,"Actividades  de servicios relacionadas con la extracción de petróleo y gas, excepto las actividades de prospección",
11200,"Actividades  de servicios relacionadas con la extracción de petróleo y gas, excepto las actividades de prospección",11200
13,EXTRACCIÓN DE MINERALES METALÍFEROS,
131,Extracción de minerales de hierro,
1310,Extracción de minerales de hierro,
13100,Extracción de minerales de hierro,13100
132,"Extracción de minerales metalíferos no ferrosos, excepto minerales de uranio y torio",
1320,"Extracción de minerales metalíferos no ferrosos,  excepto minerales de uranio y torio",
13200,"Extracción de minerales metalíferos no ferrosos, excepto minerales de uranio y torio",13200
133,Extracción de minerales y concentrados de uranio y torio,
1330,Extracción de minerales y concentrados de uranio y torio,
13300,Extracción de minerales y concentrados de uranio y torio,12000
14,EXPLOTACIÓN DE  MINAS Y CANTERAS N.C.P.,
141,"Extracción de piedra, arena y arcillas",
1411,Extracción de rocas ornamentales,
14110,Extracción de rocas ornamentales,14100 p
1412,Extracción de piedra caliza y yeso,
14120,Extracción de piedra caliza y yeso,14100 p
1413,"Extracción de arenas, canto rodado y triturados pétreos",
14130,"Extracción de arenas, canto rodado y triturados pétreos",14100 p
1414,Extracción de arcilla y caolín,
14140,Extracción de arcilla y caolín,14100 p
142,Explotación de minas y canteras n.c.p.,
1421,"Extracción de minerales para la fabricación de abonos y productos químicos, excepto turba",
14211,Extracción de minerales para la fabricación de abonos excepto turba,14210p
14212,Extracción de minerales para la fabricación de productos químicos,14210 p
1422,Extracción de sal en salinas y de roca,
14220,Extracción de sal en salinas y de roca,14220
1429,Explotación de minas y canteras n.c.p.,
14290,Explotación de minas y canteras n.c.p.,14290
15,ELABORACIÓN DE PRODUCTOS ALIMENTICIOS Y BEBIDAS,
151,"Producción y procesamiento de carne, pescado, frutas, legumbres, hortalizas, aceites y grasas",
1511,Producción y procesamiento de carne y productos carnicos,
15111,Matanza de ganado y procesamiento de su carne,15111p
15112,Producción y procesamiento de carne de aves,15112
15113,Elaboración de fiambres y embutidos,15113
15119,Matanza de animales n.c.p. y procesamiento de su carne; Elaboración de subproductos carnicos n.c.p.,15111 p
1512,Elaboración de pescado y productos de pescado,
15120,Elaboración de pescado y productos de pescado,15120
1513,"Preparación de frutas, hortalizas y legumbres",
15131,"Preparación de conservas de frutas, hortalizas y legumbres",15130 p
15132,"Elaboración de jugos naturales y sus concentrados, de frutas, hortalizas y legumbres",15130 p
15134,"Elaboración de frutas, hortalizas y legumbres congeladas",15130 p
15139,"Elaboración de frutas, hortalizas y legumbres deshidratadas o desecadas; preparación n.c.p. de frutas, hortalizas y legumbres",15130 p
1514,Elaboración de aceites y grasas de origen vegetal,
15140,Elaboración de aceites y grasas de origen vegetal,15140 p
152,Elaboración de productos lácteos,
1520,Elaboración de productos lácteos,
15201,Elaboración de leches y productos lácteos deshidratados,15200 p
15202,Elaboración de quesos,15200 p
15203,Elaboración industrial de helados,15200 p
15209,Elaboración de productos lácteos n.c.p.,15200 p
153,"Elaboración de productos de molinería, almidones y productos derivados del almidón; Elaboración de alimentos preparados para animales",
1531,Elaboración de productos de molinería,
15311,Molienda de trigo,15311
15312,Preparación de arroz,15312
15313,Preparación y molienda de legumbres y cereales -excepto trigo y arroz y molienda húmeda de maíz)-,15313
1532,Elaboración de almidones y productos derivados del almidón,
15320,Elaboración de almidones y productos derivados del almidón,15320
1533,Elaboración de alimentos preparados para animales,
15330,Elaboración de alimentos preparados para animales,15330
154,Elaboración de productos alimenticios n.c.p.,
1541,Elaboración de productos de panadería,
15411,Elaboración de galletitas y bizcochos,15411
15412,"Elaboración de productos de panadería, excluido galletitas y bizcochos",15412 + 15419
1542,Elaboración de azúcar,
15420,Elaboración de azúcar,15420
1543,Elaboración de cacao y chocolate y de productos de confitería,
15430,Elaboración de cacao y chocolate y de productos de confitería,15430
1544,Elaboración de pastas alimenticias,
15441,Elaboración de pastas alimenticias frescas,15441
15442,Elaboración de pastas alimenticias secas,15442
1549,Elaboración de productos alimenticios n.c.p.,
15491,"Tostado, torrado y molienda de café; elaboración y  molienda de hierbas aromáticas y especias",15491
15492,Preparación de hojas de te,15492
15493,Elaboración de yerba mate,15493
15499,Elaboración de productos alimenticios n.c.p.,15499
155,Elaboración de bebidas,
1551,"Destilación, rectificación y mezcla de bebidas alcohólicas; producción de alcohol etílico",
15511,Destilación de alcohol etílico,15511
15512,"Destilación, rectificación y mezcla de bebidas espiritosas",15512
1552,Elaboración de vinos y otras bebidas fermentadas a partir de frutas,
15521,Elaboración de vinos,15521
15529,Elaboración de sidra y otras bebidas alcohólicas fermentadas a partir de frutas,15529
1553,"Elaboración de cerveza, bebidas malteadas y de malta",
15530,"Elaboración de cerveza, bebidas malteadas y de malta",15530
1554,Elaboración de bebidas no alcohólicas; producción de aguas minerales,
15541,Elaboración de soda y aguas,15541
15542,"Elaboración de bebidas gaseosas, excepto soda",15542
15549,"Elaboración de hielo, jugos envasados para diluir y otras bebidas no alcohólicas",15549
158,Servicios industriales para la elaboración de alimentos y bebidas,
1580,Servicios industriales para la elaboración de alimentos y bebidas,
15800,Servicios industriales para la elaboración de alimentos y bebidas,(1)
16,ELABORACIÓN DE PRODUCTOS DE TABACO,
160,Elaboración de productos de tabaco,
1600,Elaboración de productos de tabaco,
16001,Preparación de hojas de tabaco,16001
16009,Elaboración de cigarrillos y  productos de tabaco n.c.p.,16009
17,FABRICACIÓN DE PRODUCTOS TEXTILES,
171,fabricación de hilados y tejidos; acabado de productos textiles,
1711,Preparación e hilandería de fibras textiles; tejeduría de productos textiles,
17111,Preparación de fibras textiles vegetales; desmotado de algodón,17111
17112,Preparación de fibras animales de uso textil; lavado de lana,17112
17113,Fabricación de hilados de fibras textiles,17113
17114,"Fabricación de tejidos textiles, incluso en hilanderías y tejedurias integradas",17114
17115,Fabricación de tejidos de punto,17309
1712,Acabado de productos textiles,
17120,Acabado de productos textiles,17120
172,Fabricación de productos textiles n.c.p.,
1721,"Fabricación de artículos confeccionados de materiales textiles, excepto prendas de vestir",
17210,"Fabricación de artículos confeccionados de materiales textiles, excepto prendas de vestir",17210
1729,Fabricación de productos textiles n.c.p.,
17290 (2),Fabricación de productos textiles n.c.p.,17220 + 17230 + 17290
18,FABRICACIÓN DE PRENDAS DE VESTIR; TERMINACIÓN Y TEÑIDO DE PIELES,
181,Fabricación de prendas de vestir,
1811,"Confección de prendas de vestir, excepto prendas de piel y cuero",
18110,"Confección de prendas de vestir, excepto prendas de piel y cuero",18101
1812,Confección de prendas y accesorios de vestir de cuero,
18120 (3),Confección de prendas y accesorios de vestir de cuero,18102 + 18200
184,Fabricación de indumentaria de punto,
1840,Fabricación de indumentaria de punto,
18401,Fabricación de medias,17301
18402,Fabricación de suéteres y artículos similares de punto,17302
189,Servicios industriales para la industria confeccionista,
1890,Servicios industriales para la industria confeccionista,
18900,Servicios industriales para la industria confeccionista,(1)
19,"CURTIDO Y TERMINACIÓN DE CUEROS; FABRICACIÓN DE ARTÍCULOS DE MARROQUINERÍA, TALABARTERÍA Y CALZADO Y DE SUS PARTES",
191,Curtido y terminación de cueros; fabricación de artículos de marroquinería y talabartería,
1911,Curtido y terminación de cueros,
19110,Curtido y terminación de cueros,19110
1912,"Fabricación de maletas, bolsos de mano y similares, artículos de talabartería y  artículos de cuero n.c.p.",
19120,"Fabricación de maletas, bolsos de mano y similares, artículos de talabartería y artículos de cuero n.c.p.",19120
192,Fabricación de calzado y de sus partes,
1920,Fabricación de calzado y de sus partes,
19201,"Fabricación de calzado de cuero, excepto el ortopédico",19201
19202,"Fabricación de calzado de tela, plástico, goma, caucho y otros materiales, excepto calzado ortopédico y de asbesto",19202 + 19203
19203,Fabricación de partes de calzado,19203
20,"PRODUCCIÓN DE MADERA Y FABRICACIÓN DE PRODUCTOS DE MADERA Y CORCHO, EXCEPTO MUEBLES; FABRICACIÓN DE ARTÍCULOS DE PAJA Y DE MATERIALES TRENZABLES",
201,Aserrado y cepillado de madera,
2010,Aserrado y cepillado de madera,
20100,Aserrado y cepillado de madera,20100
202,"Fabricación de productos de madera, corcho, paja y materiales trenzables",
2021,"Fabricación de hojas de madera para enchapado; fabricación de tableros contrachapados, tableros laminados, tableros de partículas, y  tableros y paneles n.c.p.",
20210,Fabricación de hojas de madera para enchapado; fabricación de tableros contrachapados; tableros laminados; tableros de partículas y tableros y paneles n.c.p.,20210
2022,Fabricación de partes y piezas de carpintería para edificios y Construcciones,
20220,Fabricación de partes y piezas de carpintería para edificios y Construcciones,20220
2023,Fabricación de recipientes de madera,
20230,Fabricación de recipientes de madera,20230
2029,"Fabricación de productos de madera n.c.p.; fabricación de artículos de corcho, paja y materiales trenzables",
20290,"Fabricación de productos de madera n.c.p.; fabricación de artículos de corcho, paja y materiales trenzables",20290
21,FABRICACIÓN DE PAPEL Y DE  PRODUCTOS DE PAPEL,
210,Fabricación de papel y de productos de papel,
2101,"Fabricación de pasta de madera, papel y cartón",
21010,"Fabricación de pasta de madera, papel y cartón",21010
2102,Fabricación de papel y cartón ondulado y envases de papel y cartón,
21020,Fabricación de papel y cartón ondulado y de envases de papel y cartón,21020
2109,Fabricación de  artículos de papel y cartón,
21091,Fabricación de artículos de papel y cartón de uso domestico e higiénico sanitario,21091
21099,Fabricación de artículos de papel y cartón n.c.p.,21099
22,EDICIÓN E IMPRESIÓN; REPRODUCCIÓN DE GRABACIONES,
221,Edición,
2211,"Edición de libros, folletos, partituras y otras publicaciones",
22110,"Edición de libros, folletos, partituras y otras publicaciones",22110
2212,"Edición de periódicos, revistas y publicaciones periódicas",
22120,"Edición de periódicos, revistas y publicaciones periódicas",22120
2219,Edición n.c.p.,
22190 (4),Reproducción de grabaciones y edición n.c.p.,22190 + 22130 + 22300
222,Impresión y servicios conexos,
2221,Impresión,
22210,Impresión,22210
2222,Servicios relacionados con la impresión,
22220,Servicios relacionados con la impresión,22220
23,"FABRICACIÓN DE COQUE, PRODUCTOS DE LA REFINACIÓN DEL PETRÓLEO Y COMBUSTIBLE NUCLEAR",
231,Fabricación de productos de hornos de coque,
2310,Fabricación de productos de hornos de coque,
23100,Fabricación de productos de hornos de coque,23100
232,Fabricación de productos de la refinación del petróleo,
2320,Fabricación de productos de la refinación del petróleo,
23200,Fabricación de productos de la refinación del petróleo,23200
233,Elaboración de combustible nuclear,
2330,Elaboración de combustible nuclear,
23300,Fabricación de combustible nuclear,23300
24,FABRICACIÓN DE SUSTANCIAS Y PRODUCTOS QUÍMICOS,
241,Fabricación de sustancias químicas básicas,
2411,"Fabricación de sustancias químicas básicas, excepto abonos y compuestos de nitrógeno",
24111,Fabricación de gases comprimidos y licuados.,24111
24119,"Fabricación de materias químicas básicas, n.c.p.",24112 + 24113 + 24119p
2412,Fabricación de abonos y compuestos de nitrógeno,
24120,Fabricación de abonos y compuestos de nitrógeno,24120
2413,Fabricación de plásticos en formas primarias y de caucho sintético,
24130,Fabricación de plásticos en formas primarias y de caucho sintético,24130
242,Fabricación de productos químicos n.c.p.,
2421,Fabricación de plaguicidas y  productos químicos de uso agropecuario,
24210,Fabricación de plaguicidas y  productos químicos de uso agropecuario,24210
2422,Fabricación de pinturas; barnices y productos de revestimiento similares; tintas de imprenta y masillas,
24220,Fabricación de pinturas; barnices y productos de revestimiento similares; tintas de imprenta y masillas,24220
2423,"Fabricación de productos farmacéuticos, sustancias químicas medicinales y productos botánicos",
24231,Fabricación de medicamentos de uso humano y productos farmacéuticos,24231
24232,Fabricación de medicamentos de uso veterinario,24232
24233,Fabricación de sustancias químicas para la elaboración de medicamentos,24239
24239,Fabricación de productos de laboratorio y productos botánicos n.c.p.,24239
2424,"Fabricación de jabones y detergentes, preparados para limpiar y pulir, perfumes y preparados de tocador",
24241,Fabricación de jabones y preparados de limpieza,24241
24249,"Fabricación de cosméticos, perfumes y  productos de higiene y tocador",24249
2429,Fabricación de productos químicos n.c.p.,
24290,Fabricación de productos químicos n.c.p.,24290 + 24300
25,FABRICACIÓN DE PRODUCTOS DE CAUCHO Y PLÁSTICO,
251,Fabricación de productos de caucho,
2511,Fabricación de cubiertas y cámaras de caucho; recauchutado y renovación de cubiertas de caucho,
25110,Fabricación de cubiertas y cámaras de caucho; recauchutado y renovación de cubiertas de caucho,25111 + 25112
2519,Fabricación de productos de caucho n.c.p.,
25190,Fabricación de  productos de caucho n.c.p.,25190
252,Fabricación de productos de plástico,
2520,Fabricación de productos de plástico,
25201,Fabricación de envases plásticos,25201
25209,"Fabricación de productos plásticos en formas básicas y artículos de plástico n.c.p., excepto muebles",25209
26,FABRICACIÓN DE PRODUCTOS MINERALES NO METÁLICOS,
261,Fabricación de vidrio y productos de vidrio,
2610,Fabricación de vidrio y productos de vidrio,
26101,Fabricación de envases de vidrio,26101
26102,Fabricación y elaboración de vidrio plano,26102
26109,Fabricación de productos de vidrio n.c.p.,26109
269,Fabricación de productos minerales no metálicos n.c.p.,
2691,Fabricación de productos de cerámica no refractaria para uso no estructural,
26910,Fabricación de productos de cerámica no refractaria para uso no estructural,26911 + 26919
2692,Fabricación de productos de cerámica refractaria,
26920,Fabricación de productos de cerámica refractaria,26920
2693,Fabricación de productos de arcilla y cerámica no refractaria para uso estructural,
26930,Fabricación de productos de arcilla y cerámica no refractaria para uso estructural,26930
2694,"Elaboración de cemento, cal y yeso",
26941,Elaboración de cemento,26941
26942,Elaboración de cal y yeso,26942
2695,"Fabricación de artículos de hormigón, cemento y yeso",
26951,Fabricación de mosaicos,26951
26959,"Fabricación de artículos de cemento, fibrocemento y yeso excepto mosaicos",26959
2696,"Corte, tallado y acabado de la piedra",
26960,"Corte, tallado y acabado de la piedra",26960
2699,Fabricación de productos minerales no metálicos n.c.p.,
26990,Fabricación de productos minerales no metálicos n.c.p.,26990
27,FABRICACIÓN DE METALES COMUNES,
271,Industrias básicas de hierro y acero,
2710,Industrias básicas de hierro y acero,
27100,Industrias básicas de hierro y acero,27100
272,Fabricación de productos primarios de metales preciosos y metales no ferrosos,
2720,Fabricación de productos primarios de metales preciosos y metales no ferrosos,
27201,Elaboración de aluminio primario y semielaborados de aluminio,27201
27209,Producción de metales no ferrosos n.c.p. y sus semielaborados,27209
273,Fundición de metales,
2731,Fundición de hierro y acero,
27310,Fundición de hierro y acero,27310
2732,Fundición de metales no ferrosos,
27320,Fundición de metales no ferrosos,27320
28,"FABRICACIÓN DE PRODUCTOS ELABORADOS DE METAL, EXCEPTO MAQUINARIA Y EQUIPO",
281,"Fabricación de productos metálicos para uso estructural, tanques, depósitos y generadores de vapor",
2811,Fabricación de productos metálicos para uso estructural y montaje estructural,
28110,Fabricación de productos metálicos para uso estructural y montaje estructural,28110
2812,"Fabricación de tanques, depósitos y recipientes de metal",
28120,"Fabricación de tanques, depósitos y recipientes de metal",28120
2813,Fabricación de generadores de vapor,
28130,Fabricación de generadores de vapor,28130
289,Fabricación de productos elaborados de metal n.c.p.; servicios de trabajo de metales,
2891,"Forjado, prensado, estampado y laminado de metales; pulvimetalurgia",
28910,"Forjado, prensado, estampado y laminado de metales; pulvimetalurgia",28910
2892,Tratamiento y revestimiento de metales; obras de ingeniería mecánica en general realizadas a cambio de una retribución o por contrata,
28920,Tratamiento y revestimiento de metales; obras de ingeniería mecánica en general realizadas a cambio de una retribución o por contrata,28920
2893,"Fabricación de artículos de cuchillería, herramientas de mano y artículos de ferretería",
28930,"Fabricación de artículos de cuchillería, herramientas de mano y artículos de ferretería",28930
2899,Fabricación de productos elaborados de metal  n.c.p.,
28991,Fabricación de envases metálicos,28991
28999,Fabricación de productos metálicos n.c.p.,28999
29,FABRICACIÓN DE MAQUINARIA Y EQUIPO N.C.P.,
291,Fabricación de maquinaria de uso general,
2911,"Fabricación de motores y turbinas, excepto motores para aeronaves, vehículos automotores y motocicletas",
29110,"Fabricación de motores y turbinas, excepto motores para aeronaves, vehículos automotores y motocicletas",29110
2912,Fabricación de bombas; compresores; grifos y válvulas,
29121,Fabricación de bombas,29120
29122,Fabricación de compresores; grifos y válvulas,29120
2913,Fabricación de cojinetes; engranajes; trenes de engranaje y piezas de transmisión,
29130,Fabricación de cojinetes; engranajes; trenes de engranaje y piezas de transmisión,29130
2914,Fabricación de hornos; hogares y quemadores,
29140,Fabricación de hornos; hogares y quemadores,29140
2915,Fabricación de equipo de elevación y manipulación,
29150,Fabricación de equipo de elevación y manipulación,29150
2919,Fabricación de  maquinaria de uso general n.c.p.,
29190,Fabricación de maquinaria y equipo de uso general n.c.p.,29190
292,Fabricación de maquinaria de uso especial,
2921,Fabricación de maquinaria agropecuaria,
29211,Fabricación de tractores,29211
29212,Fabricación de maquinaria agrícola,29219
29213,Fabricación de implementos agrícolas,29219
2929,Fabricación de maquinaria de uso especial n.c.p.,
29290,Fabricación de maquinaria de uso especial n.c.p.; Fabricación de armas y municiones,29220 + 29230 + 29240 + 29250 + 29260 + 29270 + 29290
293,Fabricación de aparatos de uso domestico n.c.p.,
2930,Fabricación de aparatos de uso domestico n.c.p.,
29300,Fabricación de aparatos de uso domestico n.c.p.,29300
30,"FABRICACIÓN DE MAQUINARIA DE OFICINA, CONTABILIDAD E INFORMÁTICA",
300,"Fabricación de maquinaria de oficina, contabilidad e informática",
3000,"Fabricación de maquinaria de oficina, contabilidad e informática",
30000,"Fabricación de maquinaria de oficina, contabilidad e informática",30000
31,FABRICACIÓN DE MAQUINARIA Y APARATOS ELÉCTRICOS  N.C.P.,
311,"Fabricación de motores, generadores y transformadores eléctricos",
3110,"Fabricación de motores, generadores y transformadores eléctricos",
31100,"Fabricación de motores, generadores y transformadores eléctricos",31100
312,Fabricación de aparatos de distribución y control de la energía eléctrica,
3120,Fabricación de aparatos de distribución y control de la energía eléctrica,
31200,Fabricación de aparatos de distribución y control de la energía eléctrica,31200
313,Fabricación de hilos y cables aislados,
3130,Fabricación de hilos y cables aislados,
31300,Fabricación de cables de fibra óptica; Fabricación de hilos y cables aislados,31300
314,"Fabricación de acumuladores, pilas y baterías primarias",
3140,"Fabricación de acumuladores, pilas y baterías primarias",
31400,"Fabricación de acumuladores, pilas y baterías primarias",31400
315,Fabricación de lámparas eléctricas y equipo de iluminación,
3150,Fabricación de lámparas eléctricas y equipo de iluminación,
31500,Fabricación de lámparas eléctricas y equipo de iluminación,31500
319,Fabricación  de equipo eléctrico n.c.p.,
3190,Fabricación  de equipo eléctrico n.c.p.,
31900,Fabricación  de equipo eléctrico n.c.p.,31900
32,"FABRICACIÓN DE EQUIPOS Y APARATOS DE RADIO, TELEVISIÓN Y COMUNICACIONES",
321,"Fabricación de tubos, válvulas  y otros  componentes electrónicos",
3210,"Fabricación de tubos, válvulas  y otros  componentes electrónicos",
32100,"Fabricación de tubos, válvulas  y otros  componentes electrónicos",32100
322,Fabricación de transmisores de radio y televisión y de aparatos para telefonía y telegrafía con hilos,
3220,Fabricación de transmisores de radio y televisión y de aparatos para telefonía y telegrafía con hilos,
32200,Fabricación de transmisores de radio y televisión y de aparatos para telefonía y telegrafía con hilos (equipos de comunicación),32200
323,"Fabricación de receptores de radio y televisión, aparatos de grabación y reproducción de sonido y video, y productos conexos",
3230,"Fabricación de receptores de radio y televisión, aparatos de grabación y reproducción de sonido y video, y productos conexos",
32300,"Fabricación de receptores de radio y televisión, aparatos de grabación y reproducción de sonido y video, y productos conexos",32300
33,"FABRICACIÓN DE INSTRUMENTOS MÉDICOS, ÓPTICOS Y DE PRECISIÓN; FABRICACIÓN DE RELOJES",
331,"Fabricación de aparatos e instrumentos médicos y de aparatos para medir, verificar, ensayar, navegar y otros fines, excepto instrumentos de óptica",
3311,Fabricación de equipo medico y quirúrgico y de aparatos ortopédicos,
33110,Fabricación de equipo medico y quirúrgico y de aparatos ortopédicos,33110
3312,"Fabricación de instrumentos y aparatos para medir, verificar, ensayar, navegar, control de procesos industriales y otros fines",
33120,"Fabricación de instrumentos y aparatos para medir, verificar, ensayar, navegar, control de procesos industriales y otros fines",33120 + 33130 + 33300 
332,Fabricación de instrumentos de óptica y equipo fotográfico,
3320,Fabricación de instrumentos de óptica y equipo fotográfico,
33200,Fabricación de instrumentos de óptica y equipo fotográfico,33200
34,"FABRICACIÓN DE VEHÍCULOS AUTOMOTORES, REMOLQUES Y SEMIREMOLQUES",
341,Fabricación de vehículos automotores,
3410,Fabricación de vehículos automotores,
34100,Fabricación de vehículos automotores,34100
342,Fabricación de carrocerías para vehículos automotores; Fabricación de remolques y semiremolques,
3420,Fabricación de carrocerías para vehículos automotores; Fabricación de remolques y semiremolques,
34200,Fabricación de carrocerías para vehículos automotores; Fabricación de remolques y semiremolques,34200
343,Fabricación de partes; piezas y accesorios para vehículos automotores y sus motores,
3430,Fabricación de partes; piezas y accesorios para vehículos automotores y sus motores,
34300,Fabricación de partes; piezas y accesorios para vehículos automotores y sus motores. Incluye rectificación de motores,34300
35,FABRICACIÓN DE EQUIPO DE TRANSPORTE N.C.P.,
351,Construcción y Reparación de buques y embarcaciones n.c.p.,
3511,Construcción y Reparación de buques,
35110,Construcción y Reparación de buques,35110
3512,Construcción de embarcaciones de recreo y deporte,
35120,Construcción de embarcaciones de recreo y deporte,35120
352,Fabricación y Reparación de locomotoras y de material rodante para ferrocarriles y tranvías,
3520,Fabricación y Reparación de locomotoras y de material rodante para ferrocarriles y tranvías,
35200,Fabricación y Reparación de locomotoras y de material rodante para ferrocarriles y tranvías,35200
353,Fabricación y Reparación de aeronaves,
3530,Fabricación y Reparación de aeronaves,
35300,Fabricación y Reparación de aeronaves,35300
359,Fabricación de equipo de transporte n.c.p.,
3591,Fabricación de motocicletas,
35910,Fabricación de motocicletas,35910
3599,Fabricación de equipo de transporte n.c.p.,
35990,Fabricación de equipo de transporte n.c.p.,35920 + 35990
36,Fabricación DE MUEBLES Y COLCHONES; INDUSTRIAS MANUFACTURERAS N.C.P.,
361,Fabricación de muebles y colchones,
3610,Fabricación de muebles y colchones,
36101,"Fabricación de muebles y partes de muebles, principalmente de madera",36101
36102,"Fabricación de muebles y partes de muebles, excepto los que son principalmente de madera",36102
36103,Fabricación de somieres y colchones,36103
369,Industrias manufactureras n.c.p.,
36999 (5),Industrias manufactureras n.c.p.,36910 + 36920 + 36930 + 36940 + 36990 
37,RECICLAMIENTO,
370,Reciclamiento,
3700,Reciclamiento,
37000,Reciclamiento,37100 + 37200
38,"REPARACIÓN, MANTENIMIENTO E INSTALACIÓN DE MAQUINAS Y EQUIPOS",
381,"Reparación y mantenimiento de instrumentos médicos, ópticos y de precisión; relojes excepto para uso personal o domestico",
3810,Reparación y mantenimiento de aparatos e instrumentos médicos,
38100,Reparación y mantenimiento de aparatos e instrumentos médicos,33110
382,Reparación y mantenimiento de maquinaria de oficina y de contabilidad e informática; maquinaria de uso general y especial,
3821,Reparación y mantenimiento de maquinaria de oficina y de contabilidad e informática,
38210,Reparación y mantenimiento de maquinaria de oficina y de contabilidad e informática,72000p
3822,Reparación y mantenimiento de maquinaria de uso general,
38220,Reparación y mantenimiento de hornos; hogares y quemadores,29110 + 29120 + 29130 + 29140 + 29150 + 29190
3823,Reparación y mantenimiento de maquinaria de uso especial,
38231,Reparación y mantenimiento de maquinaria agropecuaria,29211 + 29219
38239,Reparación y mantenimiento de maquinas herramienta,29220 + 29230 + 29240 + 29250 + 29260 + 29270 + 29290
383,"Reparación y mantenimiento de equipos y aparatos de radio, televisión y comunicaciones excepto para uso personal o domestico",
3830,"Reparación y mantenimiento de tubos, válvulas y otros componentes electrónicos",
38300,"Reparación y mantenimiento de tubos, válvulas y otros componentes electrónicos",32200 + 32300
385,Reparación y mantenimiento de maquinaria y aparatos eléctricos n.c.p.,
3850,"Reparación y mantenimiento de motores, generadores y transformadores eléctricos",
38500,"Reparación y mantenimiento de motores, generadores y transformadores eléctricos",(1)
386,"Reparación y mantenimiento de productos de metal, servicios de trabajo de metales, excepto maquinaria y equipo",
3860,"Reparación y mantenimiento de productos metálicos para uso estructural, tanques, depósitos y generadores de vapor",
38600,"Reparación y mantenimiento de productos metálicos para uso estructural, tanques, depósitos y generadores de vapor",28110 + 28120 + 28930 + 28999
387,Instalación de maquinaria y equipos industriales,
3870,Instalación de maquinaria y equipos industriales,
38700,Instalación de maquinaria y equipos industriales,(1)
389,Reparación y mantenimiento n.c.p.,
3890,Reparación y mantenimiento n.c.p.,
38900,Reparación y mantenimiento n.c.p.,(1)
40,"ELECTRICIDAD, GAS, VAPOR Y AGUA CALIENTE",
401,"Generación, transporte y distribución de energía eléctrica",
4011,Generación de energía eléctrica,
40110,Generación de energía eléctrica,40100 P
4012,Transporte de energía eléctrica,
40120,Transporte de energía eléctrica,40100 P
4013,Distribución de energía eléctrica,
40130,Distribución de energía eléctrica,40100 P
402,Fabricación de gas y distribución de combustibles gaseosos por tuberías,
4020,Fabricación de gas y distribución de combustibles gaseosos por tuberías,
40200,Fabricación de gas y distribución de combustibles gaseosos por tuberías,40200
403,Suministro de vapor y agua caliente,
4030,Suministro de vapor y agua caliente,
40300,Suministro de vapor y agua caliente,    -
41,"CAPTACIÓN, DEPURACIÓN Y DISTRIBUCIÓN DE AGUA",
410,"Captación, depuración y distribución de agua",
4100,                                              ,
41000,"Captación, depuración y distribución de agua",41000
45,Construcción,
451,Preparación de terrenos para obras,
4510,Preparación de terrenos para obras,
45100,Preparación de terrenos para obras,                                                                                                                                                                                     
452,Construcción de edificios y sus partes y obras de ingeniería civil,
4520,Construcción de edificios y sus partes y obras de ingeniería civil,
45200,Construcción de edificios y sus partes y obras de ingeniería civil,45100 p
453,Instalaciones para edificios y obras de ingeniería civil,
4530,Instalaciones para edificios y obras de ingeniería civil,
45300,Instalaciones para edificios y obras de ingeniería civil,45200 p
454,Terminación de edificios y obras de ingeniería civil,
4540,                       ,
45400,Terminación de edificios y obras de ingeniería civil,45200 p
455,Alquiler de equipo de Construcción o demolición dotado de operarios,
4550,Alquiler de equipo de Construcción o demolición dotado de operarios,
45500,Alquiler de equipo de Construcción o demolición dotado de operarios,              
50,"VENTA, MANTENIMIENTO Y Reparación DE VEHÍCULOS AUTOMOTORES Y MOTOCICLETAS; VENTA AL POR MENOR DE COMBUSTIBLE PARA Vehículos AUTOMOTORES",
501,"Venta de vehículos automotores, excepto motocicletas",
5010,"Venta de vehículos automotores, excepto motocicletas",
50100,"Venta de vehículos automotores, excepto motocicletas",50100
502,"Mantenimiento y Reparación de vehículos automotores, excepto motocicletas",
5020,"Mantenimiento y Reparación de vehículos automotores, excepto motocicletas",
50200,"Mantenimiento y Reparación de vehículos automotores, excepto motocicletas",50201 + 50202 + 50203 + 50209 + 50205 + 50206 + 50204 +  50207
503,"Venta de partes, piezas y accesorios de vehículos automotores",
5031,"Venta al por mayor de partes, piezas y accesorios de vehículos automotores",
50310,"Venta al por mayor de partes, piezas y accesorios de vehículos automotores",50300p
5032,"Venta al por menor de partes, piezas y accesorios de vehículos automotores",
50320,"Venta al por menor de partes, piezas y accesorios de vehículos automotores",50300p
504,"Venta, mantenimiento y Reparación de motocicletas y de sus partes, piezas y accesorios",
5040,"Venta, mantenimiento y Reparación de motocicletas y de sus partes, piezas y accesorios",
50401,"Venta de motocicletas y de sus partes, piezas y accesorios",50402
50402,Mantenimiento y Reparación de motocicletas,50401
505,Venta al por menor de combustible para vehículos automotores y motocicletas,
5050,Venta al por menor de combustible para vehículos automotores y motocicletas,
50500,Venta al por menor de combustible para vehículos automotores y motocicletas,50500
51,"COMERCIO AL POR MAYOR Y/O EN COMISIÓN O CONSIGNACIÓN, EXCEPTO EL COMERCIO DE VEHÍCULOS AUTOMOTORES Y MOTOCICLETAS",
511,Venta al por mayor en comisión o consignación,
5111,Venta al por mayor en comisión o consignación de productos agrícolas y pecuarios,
51111,Venta al por mayor en comisión o consignación de productos agrícolas,51101
51112,Venta al por mayor en comisión o consignación de productos pecuarios,51102
5119,Venta al por mayor en comisión o consignación de mercancías n.c.p.,
51190,Venta al por mayor en comisión o consignación de mercancías n.c.p.,51109
512,"Venta al por mayor de materias primas agropecuarias, de animales vivos, alimentos, bebidas y tabaco, excepto en comisión o consignación",
5121,Venta al por mayor de materias primas agropecuarias y de animales vivos,
51210,Venta al por mayor de materias primas agropecuarias y pecuarias incluso de animales vivos,51210
5122,Venta al por mayor de alimentos,
51221,"Venta al por mayor de fiambres, quesos y productos lácteos",51221p
51222,"Venta al por mayor de carnes rojas, menudencias y chacinados frescos; productos de granja y de la caza",51222
51223,Venta al por mayor de pescado,51223
51224,"Venta al por mayor y empaque de frutas, de legumbres y hortalizas frescas",51224
51225,"Venta al por mayor de pan, productos de confitería y pastas frescas; Venta al por mayor de aceites, azúcar, café, te, yerba mate y otras infusiones y especias y condimentos",51225 + 51221p
51226,"Venta al por mayor de chocolates, golosinas y productos para kioscos y polirrubros n.c.p., excepto cigarrillos",51226p
51227,Venta al por mayor de alimentos balanceados para animales,51221p
51228,Venta al por mayor en supermercados mayoristas de alimentos,51221p
51229,Venta al por mayor de productos alimenticios n.c.p.,51221p
5123,Venta al por mayor de bebidas,
51230,Venta al por mayor de bebidas,51226p
5124,Venta al por mayor de cigarrillos y productos de tabaco,
51240,Venta al por mayor de cigarrillos y productos de tabaco,51226p
513,Venta al por mayor de artículos de uso domestico y/o personal,
5131,"Venta al por mayor de productos textiles, prendas de vestir, calzado excepto el ortopédico, cueros, pieles, artículos de marroquinería,  paraguas y similares",
51311,Venta al por mayor de productos textiles excepto prendas y accesorios de vestir,51310p
51312,Venta al por mayor de prendas y accesorios de vestir,51310p
51313,Venta al por mayor de calzado excepto el ortopédico,51310p
51314,"Venta al por mayor de artículos de cueros, pieles, marroquinería y talabartería,  paraguas y similares",51310p + 51393
51315,"Venta al por mayor de uniformes, ropa de trabajo e indumentaria de seguridad",51310p
5132,"Venta al por mayor de libros, revistas, diarios, papel, cartón, materiales de embalaje y artículos de librería",
51321,"Venta al por mayor de libros, revistas y diarios",51398p
51322,"Venta al por mayor de papel, cartón, materiales de embalaje y artículos de librería",51398p
5133,"Venta al por mayor de productos farmacéuticos, veterinarios, cosméticos y de perfumería, instrumental medico y odontológico y artículos ortopédicos",
51331,Venta al por mayor de productos farmacéuticos,51392p
51332,"Venta al por mayor de productos cosméticos, de tocador y de perfumería",51392p
51333,Venta al por mayor de instrumental medico y odontológico y artículos ortopédicos,51392p
51334,Venta al por mayor de productos veterinarios,51392p
5134,"Venta al por mayor de artículos de óptica, fotografía, relojería, joyería y fantasías",
51341,Venta al por mayor de artículos de óptica y de fotografía,51395 p
51342,"Venta al por mayor de artículos de relojería, joyería y fantasías",51395 p
5135,"Venta al por mayor de muebles, artículos de iluminación y  demás artefactos para el hogar",
51350,"Venta al por mayor de muebles, artículos de iluminación y  demás artefactos para el hogar",51396 + 51399p
5139,Venta al por mayor de artículos de uso domestico y/o personal n.c.p.,
51390,Venta al por mayor de artículos de uso domestico y/o personal n.c.p.,51391 + 51394 + 51900p + 51397 + 51399 p
514,"Venta al por mayor de productos intermedios, desperdicios y desechos no agropecuarios",
5141,"Venta al por mayor de combustibles, incluso gaseosos y productos conexos",
51411,Venta al por mayor de combustibles y lubricantes para automotores,51411
51419,"Venta al por mayor de combustibles y lubricantes -excepto para automotores-, gas en garrafas, leña y carbón",51419
5142,Venta al por mayor de metales y minerales metalíferos,
51420,Venta al por mayor de metales y minerales metalíferos,51420
5143,"Venta al por mayor de madera,  materiales de Construcción, artículos de ferretería y materiales para plomería e instalaciones de  gas",
51430,"Venta al por mayor de madera,  materiales de Construcción, artículos de ferretería y materiales para plomería e instalaciones de  gas",51430
5149,"Venta al por mayor de productos intermedios n.c.p., desperdicios y desechos",
51492,"Venta al por mayor de productos intermedios n.c.p., desperdicios y desechos de papel y cartón",51490p
51493,"Venta al por mayor de productos intermedios, desperdicios y desechos de vidrio,  de plástico, de caucho y goma, y químicos",51490p
51494,"Venta al por mayor de productos intermedios n.c.p., desperdicios y desechos metálicos",51490p
51495,"Venta al por mayor de productos intermedios n.c.p., desperdicios y desechos de componentes eléctricos",51490p
51499,"Venta al por mayor de productos intermedios, desperdicios y desechos n.c.p.",51490p
515,"Venta al por mayor de maquinas, equipo y materiales conexos",
5151,"Venta al por mayor de maquinas, equipos e implementos de uso especial",
51511,"Venta al por mayor de maquinas, equipos e implementos de uso en los sectores agropecuario, jardinería, silvicultura, pesca y caza",51509 p
51512,"Venta al por mayor de maquinas, equipos e implementos de uso en la elaboración de alimentos, bebidas y tabaco",51509 p
51513,"Venta al por mayor de maquinas, equipos e implementos de uso en la Fabricación de textiles, prendas y accesorios de vestir, calzado, artículos de cuero y marroquinería",51509 p
51514,"Venta al por mayor de maquinas, equipos e implementos de uso en imprentas, artes graficas y actividades conexas",51509 p
51515,"Venta al por mayor de maquinas, equipos e implementos de uso medico y paramédico",51509 p
51519 (6),"Venta al por mayor de maquinas, equipos e implementos de uso especial n.c.p.",51509 p + 51502
5152,Venta al por mayor de maquinas-herramienta de uso general,
51520,Venta al por mayor de maquinas-herramienta de uso general,51509 p
5154,"Venta al por mayor de muebles e instalaciones para la industria, el comercio y los servicios",
51540,"Venta al por mayor de muebles e instalaciones para la industria, el comercio y los servicios",51501 p+51900p
5159,"Venta al por mayor de maquinas, equipo y materiales conexos n.c.p.",
51592,"Venta al por mayor de equipos informáticos y maquinas electrónicas de escribir y calcular ;Venta al por mayor de maquinas y equipos de comunicaciones, control y seguridad",51501 p
51599,"Venta al por mayor de maquinas, equipo y materiales conexos n.c.p.",51509 p
519,Venta al por mayor de mercancías n.c.p.,
5190,Venta al por mayor de mercancías n.c.p.,
51901,Venta al por mayor de insumos agropecuarios diversos,51900 p
51909,Venta al por mayor de mercancías n.c.p.,51900 p
52,"COMERCIO AL POR MENOR, EXCEPTO EL COMERCIO DE VEHÍCULOS AUTOMOTORES Y MOTOCICLETAS; Reparación DE EFECTOS PERSONALES Y ENSERES DOMÉSTICOS",
521,Venta al por menor excepto la especializada,
5211,Venta al por menor en comercios no especializados con predominio de productos alimenticios y bebidas,
52112,Venta al por menor en supermercados con predominio productos de alimenticios y bebidas,52110p
52119,"Venta al por menor en kioscos, polirrubros y comercios no especializados n.c.p.",52207p
52120,"Venta al por menor excepto la especializada, sin predominio de productos alimenticios y bebidas",52190
522,"Venta al por menor de productos alimenticios, bebidas y tabaco en comercios especializados",
5221,"Venta al por menor de productos de almacén, fiambrera y dietética",
52211,"Venta al por menor principalmente de fiambres, quesos y productos lácteos",52202p
52212,Venta al por menor de productos de almacén y dietética,52202p
5222,Venta al por menor de carnes rojas y productos de granja y de la caza,
52221,"Venta al por menor de carnes rojas, menudencias y chacinados frescos",52203 p + 52522p
52222,"Venta al por menor de huevos, carne de aves y  productos de granja y de la caza n.c.p.",52203p+52201+52522p
5223,"Venta al por menor de frutas, legumbres y hortalizas frescas",
52230,"Venta al por menor de frutas, legumbres y hortalizas frescas",52205+52521p+52524
5224,Venta al por menor de pan y productos de panadería y confitería,
52240,Venta al por menor de pan y productos de panadería y confitería,52206+52207p+52525p
5225,Venta al por menor de bebidas,
52250,Venta al por menor de bebidas,52207p +52525p
5229,"Venta al por menor de productos  alimenticios n.c.p. y tabaco, en comercios especializados",
52291,Venta al por menor de pescados y productos de la pesca,52204+52523
52299,"Venta al por menor de productos alimenticios n.c.p. y tabaco, en comercios especializados",52207p +52525+52526
523,"Venta al por menor de productos n.c.p. excepto los usados, en comercios especializados",
5231,"Venta al por menor de productos farmacéuticos, cosméticos, de perfumería, instrumental medico y odontológico y artículos ortopédicos",
52311,Venta al por menor de productos farmacéuticos y de herboristería,52310p
52312,"Venta al por menor de productos cosméticos, de tocador y de perfumería",52310p
52313,Venta al por menor de instrumental medico y odontológico y artículos ortopédicos,52310p
5232,"Venta al por menor de productos textiles, excepto prendas de vestir",
52321,"Venta al por menor de hilados, tejidos y artículos de mercería",52320p
52322,Venta al por menor de confecciones para el hogar,52320p
52329,Venta al por menor de artículos textiles n.c.p. excepto prendas de vestir,52320p
5233,"Venta al por menor de prendas y accesorios de vestir excepto calzado, artículos de marroquinería, paraguas y similares",
52330,"Venta al por menor de prendas y accesorios de vestir excepto calzado, artículos de marroquinería, paraguas y similares",52320p
5234,"Venta al por menor de calzado excepto el ortopédico, artículos de marroquinería, paraguas y similares",
52341,Venta al por menor de artículos de talabartería,52320p +52399p      
52342,Venta al por menor de calzado excepto el ortopédico,52320p
52343,Venta al por menor de calzado deportivo,52320p
52349,"Venta al por menor de artículos de marroquinería, paraguas y similares n.c.p.",52320p +52399p      
5235,"Venta al  por menor de muebles, artículos de mimbre y corcho, colchones y somieres, artículos de  iluminación y artefactos para el hogar",
52351,"Venta al por menor de muebles excepto para la oficina, la industria, el comercio y los servicios; artículos de mimbre y corcho",52330p
52352,Venta al por menor de colchones y somieres,52330p
52353,Venta al por menor de artículos de iluminación,52330p
52354,Venta al por menor de artículos de bazar y menaje,52330p
52355,"Venta al por menor de artefactos  para el hogar, eléctricos, a gas, a kerosén u otros combustibles",52330p
52356,"Venta al por menor de instrumentos musicales, equipos de sonido, casetes de audio y video, discos de audio y video",52330p
52357,Venta al por menor de aparatos de telefonía y comunicación de uso personal,52330p + 52330 p + 52399p
52359,Venta al por menor de artículos para el hogar n.c.p.,52330 p + 52399 p
5236,"Venta al por menor de materiales de Construcción, artículos de ferretería, pinturas, cristales y espejos, y artículos para la decoración",
52361,Venta al por menor de aberturas,52340p
52362,Venta al por menor de maderas y artículos de madera  y corcho excepto muebles,52340 p
52363,Venta al por menor de artículos de ferretería y materiales eléctricos,52340p
52364,Venta al por menor de pinturas y productos conexos,52340p
52365,Venta al por menor de artículos para plomería e instalación de gas,52340 p
52366,"Venta al por menor de cristales, espejos, mamparas y cerramientos",52340p
52367,"Venta al por menor de papeles para pared, revestimientos para pisos y artículos similares para la decoración: casas de decoración",52395
52369,Venta al por menor de materiales de Construcción n.c.p.,52340 p
5237,"Venta al por menor de artículos de óptica, fotografía, relojería, joyería y fantasía",
52371,Venta al por menor de artículos de óptica y fotografía,52394p
52372,Venta al por menor de artículos de relojería y joyería,52394 p
52373,Venta al por menor de bijouterie y fantasía,52394 p
5238,"Venta al por menor de libros, revistas, diarios, papel, cartón, materiales de embalaje y artículos de librería",
52381,Venta al por menor de libros y publicaciones,52396 p+52527p
52382,Venta al por menor de diarios y revistas,52396 p+52527p
52383,"Venta al por menor de papel, cartón, materiales de embalaje y artículos de librería",52396 p+52527p
5239,Venta al por menor en comercios especializados n.c.p.,
52391,"Venta al por menor de flores, plantas, semillas, abonos, fertilizantes y otros productos de vivero",52391 p + 52521p
52392,Venta al por menor de materiales y productos de limpieza,52392 + 52526p
52393,Venta al por menor de juguetes; artículos de cotillon y juegos de mesa,52393 p
52394,Venta al por menor de artículos de deportes y esparcimiento,52393 p
52395,Venta al por menor de maquinas y equipos para oficina y sus componentes y repuestos de uso personal o domestico,52397
52396,"Venta al por menor de fuel oil, gas en garrafas, carbón y leña",52398
52397,"Venta al por menor de productos veterinarios, animales domésticos y alimento balanceado para mascota",52310p+52391p+52399p
52399,Venta al por menor de artículos nuevos n.c.p.,52399 p +52528
524,Venta al por menor de artículos usados excluidos automotores y motocicletas,
5240,Venta al por menor de artículos usados excluidos automotores y motocicletas,
52400,Venta al por menor de artículos usados excluidos automotores y motocicletas,52400
525,Venta al por menor no realizada en establecimientos,
5259,Venta al por menor no realizada en establecimientos  n.c.p.,
52590 (7),Venta al por menor no realizada en establecimientos  n.c.p.,52510 + 52590
526,Reparación de efectos personales y enseres domésticos,
5260,Reparación de efectos personales y enseres domésticos,
52600,Reparación de efectos personales y enseres domésticos,52600
55,SERVICIOS DE HOTELERIA Y RESTAURANTES,
551,"Servicios de alojamiento en hoteles, campamentos y otros tipos de hospedaje temporal",
5511,Servicios de alojamiento en camping,
55110,Servicios de alojamiento en camping,55100 p
5512,Servicios de alojamiento excepto en camping,
55121,Servicios de alojamiento por hora,55100 p
55122,"Servicios de alojamiento en hoteles, pensiones y otras residencias de alojamiento temporal, excepto por  hora",55100 p
552,Servicios de expendio de comidas y bebidas,
5521,"Servicios de expendio de comidas y bebidas en restaurantes, bares y otros establecimientos con servicio de mesa y/o en mostrador",
55211,"Servicios de expendio de comidas y bebidas en restaurantes, bares y otros establecimientos con servicio de mesa y/o en mostrador excepto en heladerías",55200 p
55212,Servicios de expendio de helados,55200 p
5522,Preparación y venta de comidas para llevar,
55221,Provisión de comidas preparadas para empresas,55200 p
55229,Preparación y venta de comidas para llevar n.c.p.,55200 p
60,SERVICIO DE TRANSPORTE TERRESTRE,
601,Servicio de transporte ferroviario,
6011,Servicio de transporte ferroviario de cargas,
60110,Servicio de transporte ferroviario de cargas,60100
6012,Servicio de transporte ferroviario de pasajeros,
60121,Servicio de transporte ferroviario urbano y suburbano de pasajeros,60210 p
60122,Servicio de transporte ferroviario interurbano de pasajeros,60210 p
602,Servicio de transporte automotor,
6021,Servicio de transporte automotor de cargas,
60210,Servicio de transporte automotor de cargas,60230 p
6022,Servicio de transporte automotor de pasajeros,
60221,Servicio de transporte automotor urbano regular de pasajeros,60210 p
60222,Servicio de transporte automotor  de pasajeros mediante taxis y remises; alquiler de autos con chofer,60220 p
60223,Servicio de transporte escolar,60210 p
60224,"Servicio de transporte automotor urbano de oferta libre de pasajeros excepto mediante taxis y remises, alquiler de autos con chofer y  transporte escolar",60220 p
60225,Servicio de transporte automotor interurbano de pasajeros,60230 p
60226,Servicio de transporte automotor de pasajeros para el turismo,60220 p
60227,Servicio de transporte automotor internacional de pasajeros,60220 p
60229,Servicio de transporte automotor de pasajeros n.c.p.,60220 p
603,Servicio de transporte por tuberías,
6030,Servicio de transporte por tuberías,
60300,Servicio de transporte por tuberías,60300
61,SERVICIO DE TRANSPORTE POR VÍA ACUÁTICA,
611,Servicio de transporte marítimo,
6111,Servicio de transporte marítimo de carga,
61110,Servicio de transporte marítimo de carga,61100 p
6112,Servicio de transporte marítimo de pasajeros,
61120,Servicio de transporte marítimo de pasajeros,61100 p
612,Servicio de transporte fluvial,
6121,Servicio de transporte fluvial de cargas,
61210,Servicio de transporte fluvial de cargas,61200 p
6122,Servicio de transporte fluvial de pasajeros,
61220,Servicio de transporte fluvial de pasajeros,61200 p
62,SERVICIO DE TRANSPORTE AÉREO,
621,Servicio de transporte aéreo de cargas,
6210,Servicio de transporte aéreo de cargas,
62100,Servicio de transporte aéreo de cargas,62100 p + 62200 p
622,Servicio de transporte aéreo de pasajeros,
6220,Servicio de transporte aéreo de pasajeros,
62200,Servicio de transporte aéreo de pasajeros,62100 p + 62200 p
63,SERVICIOS ANEXOS AL TRANSPORTE; SERVICIOS DE AGENCIAS DE VIAJE,
631,Servicios de manipulación de carga,
6310,Servicios de manipulación de carga,
63101,Servicios de manipulación de carga en el ámbito terrestre,63010
63102,Servicios de manipulación de carga en el ámbito portuario,63010
63103,Servicios de manipulación de carga en el ámbito aéreo,63010
632,Servicios de almacenamiento y deposito,
6320,Servicios de almacenamiento y deposito,
63201,Servicios de almacenamiento y deposito en silos,63020
63202,Servicios de almacenamiento y deposito en cámaras frigoríficas,63020
63209,Servicios de almacenamiento y deposito n.c.p.,63020
633,Servicios complementarios para el transporte,
6331,Servicios complementarios para el transporte terrestre,
63311,Servicios explotación de infraestructura; peajes y otros derechos,63030 p
63312,Servicios  prestados por playas de estacionamiento y garajes,63030 p
63319,Servicios complementarios para el transporte terrestre n.c.p.,63030 p
6332,Servicios complementarios para el transporte por agua,
63321,Servicios de explotación de infraestructura; derechos de puerto,63030 p
63322,Servicios de guarderías náuticas,63030 p
63323,Servicios para la navegación,63030 p
63324,Mantenimiento y Reparación de lanchas y embarcaciones deportivas,35120
63329,Servicios complementarios para el transporte por agua n.c.p.,63030 p
6333,Servicios complementarios para el transporte aéreo,
63331,"Servicios de hangares, estacionamiento y remolque de aeronaves",63030 p
63332,Servicios para la aeronavegación,63030 p
63339,Servicios complementarios para el transporte aéreo n.c.p.,63030 p
634,Servicios de agencias de viaje y otras actividades complementarias de apoyo turístico,
6341,Servicios mayoristas de agencias de viajes,
63410,Servicios mayoristas de agencias de viajes,63040 p
6342,Servicios minoristas de agencias de viajes,
63420,Servicios minoristas de agencias de viajes,63040 p
6343,Servicios complementarios de apoyo turístico,
63430,Servicios complementarios de apoyo turístico,63040 p
635,Servicios de gestión y logística para el transporte de mercaderías,
6350,Servicios de gestión y logística para el transporte de mercaderías,
63501,Servicios de gestión aduanera para el transporte de mercaderías,63090
63502,Servicios de agencias marítimas para el transporte de mercaderías,63090
63509,Servicios de gestión y logística para el transporte de mercaderías n.c.p.,63090
64,SERVICIOS DE CORREOS Y TELECOMUNICACIONES,
641,Servicios de correos,
6410,Servicios de correos,
64101,Servicio de correo postal,64100
64109,Otros servicios de correo n.c.p.,64100
642,Servicios de transmisión de radio y televisión,
6421,Servicios de transmisión de radio,
64210,Servicios de transmisión de radio,64200 p
6422,Servicios de transmisión de televisión,
64221,Servicios de transmisión de televisión abierta,64200 p
64229,Servicios de transmisión de televisión n.c.p.,64200 p
643,Servicios de  telecomunicaciones,
6431,Servicios de telefonía fija,
64311,Servicios de locutorios,64200 p
64319,"Servicios de telefonía fija, excepto locutorios",64200 p
6432,Servicios de telefonía móvil,
64320,Servicios de telefonía móvil,64200 p
6433,"Servicios de telecomunicaciones vía satélite, excepto servicios de transmisión de televisión",
64330,"Servicios de telecomunicaciones vía satélite, excepto servicios de transmisión de televisión",64200 p
6439,Servicios de telecomunicaciones n.c.p.,
64390,Servicios de telecomunicaciones n.c.p.,64200 p
644,Servicios de internet,
6440,Servicios de internet,
64401,Servicios de proveedores de internet,64200 p
64409,Servicios de internet n.c.p.,64200 p
65,INTERMEDIACIÓN FINANCIERA Y OTROS SERVICIOS  FINANCIEROS EXCEPTO LOS  DE SEGURO Y DE ADMINISTRACIÓN DE FONDOS DE JUBILACIONES Y PENSIONES,
651,Intermediación monetaria y financiera de la banca central,
6511,Servicios de la banca central,
65110,Servicios de la banca central,65110
652,Intermediación monetaria y financiera  de las entidades financieras bancarias y no bancarias,
6521,Servicios de las entidades financieras bancarias,
65210,Servicios de las entidades financieras bancarias,65191
6522,Servicios de las entidades financieras no bancarias,
65220,Servicios de las entidades financieras no bancarias,65192
659,Servicios financieros excepto los de la banca central y las entidades financieras,
6598,Servicios de crédito n.c.p.,
65981,Actividades de crédito para financiar otras actividades economicas,65900p
65989,Servicios de crédito n.c.p.,65900p
6599,Servicios financieros n.c.p.,
65992,Servicios de entidades de tarjeta de compra y/o crédito,65900p
65999,"Servicios de financiación y actividades financieras n.c.p. Incluye: Servicios de agentes de mercado abierto ""puros""",67191 + 67192 + 65900p
66,SERVICIOS DE SEGUROS Y DE ADMINISTRACIÓN DE FONDOS DE JUBILACIONES Y PENSIONES,
661,Servicios de seguros,
6611,Servicios de seguros personales y patrimoniales,
66111,Servicios de seguros de salud,662
66112,"Servicios de seguros de vida, de accidentes de trabajo, patrimoniales y de reaseguros",661p + 66030
66114,Servicios de cajas de previsión social y previsional pertenecientes a distintos tipos de gremios,661 p
662,Administración de fondos de jubilaciones y pensiones (AFJP),
6620,Administración de fondos de jubilaciones y pensiones (AFJP),
66200,Administración de fondos de jubilaciones y pensiones (AFJP),.
67,SERVICIOS AUXILIARES A LA ACTIVIDAD FINANCIERA,
671,"Servicios auxiliares a la actividad financiera, excepto a los servicios de seguros y de administración de fondos de jubilaciones y pensiones",
6711,Servicios de administración de mercados financieros,
67110,Servicios de administración de mercados financieros,67111 + 67112 + 67113
6712,Servicios bursátiles de mediación o por cuenta de terceros,
67120,Servicios bursátiles de mediación o por cuenta de terceros,67120
6719,"Servicios auxiliares a la actividad financiera n.c.p., excepto a los servicios de seguros y de administración de fondos de jubilaciones y pensiones",
67191,Servicios de casas y agencias de cambio,67100
67192,Servicios de sociedades calificadoras de riesgos,67193
67199,"Servicios auxiliares a la intermediación financiera n.c.p., excepto a los servicios de seguros y de administración de fondos de jubilaciones y pensiones",6719 p
672,Servicios auxiliares a los servicios de seguros y de administración de fondos de jubilaciones y pensiones,
6721,Servicios auxiliares a los servicios de seguros,
67211,Servicios de productores y asesores de seguros,67200 p
67219,Servicios auxiliares a los servicios de seguros n.c.p,67200p
6722,Servicios auxiliares a la administración de fondos de jubilaciones y pensiones,
67220,Servicios auxiliares a la administración de fondos de jubilaciones y pensiones,67200 p
70,SERVICIOS INMOBILIARIOS,
701,"Servicios inmobiliarios realizados por cuenta propia, con bienes propios o arrendados",
7010,"Servicios inmobiliarios realizados por cuenta propia, con bienes propios o arrendados",
70101,"Servicios de alquiler y explotación de inmuebles para fiestas, convenciones y otros eventos similares",70000 p
70102,Servicios de alquiler de consultorios médicos,70000 p
70109,"Servicios inmobiliarios realizados por cuenta propia, con bienes propios o arrendados n.c.p.",70000p
702,Servicios inmobiliarios realizados a cambio de un retribución o por contrata,
7020,Servicios inmobiliarios realizados a cambio de un retribución o por contrata,
70201,Servicios de administración de consorcios de edificios,70000 p
70209,Servicios inmobiliarios realizados a cambio de una retribución o por contrata n.c.p.,70000 p
71,ALQUILER DE EQUIPO DE TRANSPORTE,
711,Alquiler de equipo de transporte,
7110,Alquiler de equipo de transporte,
71100,Alquiler de equipo de transporte,71100
712,Alquiler de maquinaria y equipo n.c.p.,
7120,Alquiler de maquinaria y equipo n.c.p.,
71200,Alquiler de maquinaria y equipo n.c.p.,71200
713,Alquiler de efectos personales y enseres domésticos n.c.p.,
7130,Alquiler de efectos personales y enseres domésticos n.c.p.,
71301,Alquiler de videos y videos juegos: videoclubes,71300
71309,Alquiler de efectos personales y enseres domésticos n.c.p.,71300
72,SERVICIOS INFORMÁTICOS Y ACTIVIDADES CONEXAS,
721,Servicios de consultores en equipo de informática,
722,Servicios de consultores en informática y suministros de programas de informática,
7220,Servicios de consultores en informática y suministros de programas de informática,
72200,Servicios de consultores en informática y suministros de programas de informática,72000p
723,Procesamiento de datos,
7230,Procesamiento de datos,
72300,Procesamiento de datos,72000p
724,Servicios relacionados con bases de datos,
7240,Servicios relacionados con bases de datos,
72400,Servicios relacionados con bases de datos,72000p
729,Actividades de informática n.c.p.,
7290,Actividades de informática n.c.p.,
72900,Actividades de informática n.c.p.,72000p
73,INVESTIGACIÓN Y DESARROLLO,
730,Investigación y desarrollo,
7300,Investigación y desarrollo,
73000,Investigación y desarrollo,73000
74,SERVICIOS EMPRESARIALES N.C.P.,
741,"Servicios jurídicos y de contabilidad, teneduría de libros y auditoria; asesoramiento en materia de impuestos; estudios de mercados y realización de encuestas de opinión publica; asesoramiento empresarial y en materia de gestión",
7410,"Servicios jurídicos y de contabilidad, teneduría de libros y auditoria; asesoramiento en materia de impuestos; estudios de mercados y realización de encuestas de opinión publica; asesoramiento empresarial y en materia de gestión",
74100,"Servicios jurídicos y de contabilidad, teneduría de libros y auditoria; asesoramiento en materia de impuestos; estudios de mercados y realización de encuestas de opinión publica; asesoramiento empresarial y en materia de gestión",74110 + 74120 + 74130 + 74140
742,Servicios de arquitectura e ingeniería y servicios técnicos n.c.p.,
7421,Servicios de arquitectura e ingeniería y servicios conexos de asesoramiento técnico,
74210,Servicios de arquitectura e ingeniería y servicios conexos de asesoramiento técnico,74200p
7422,Ensayos y análisis técnicos,
74220,Ensayos y análisis técnicos,74200p
743,Servicios de publicidad,
7430,Servicios de publicidad,
74300,Servicios de publicidad,74300
749,Servicios empresariales n.c.p.,
7491,Obtención y dotación de personal,
74910,Obtención y dotación de personal,74910
7492,Servicios de investigación y seguridad,
74921,Servicios de transporte de caudales y objetos de valor,74920p
74929,Servicios de investigación y seguridad n.c.p.,74920p
7493,Servicios de limpieza y mantenimiento general de edificios y espacios verdes,
74930,Servicios de limpieza y mantenimiento general de edificios y espacios verdes,74930
7494,Servicios de fotografía,
74940,Servicios de fotografía,74940
7495,Servicios de envase y empaque,
74950,Servicios de envase y empaque,74950
7496,"Servicios de impresión heliográfica, fotocopia y otras formas de reproducciones",
74960,"Servicios de impresión heliográfica, fotocopia y otras formas de reproducciones",74990p
7499,Servicios empresariales n.c.p.,
74990,Servicios empresariales n.c.p.,74990p
77,SERVICIOS DE LA SEGURIDAD SOCIAL OBLIGATORIA (OBRAS SOCIALES),
770,Servicios de la seguridad social obligatoria (obras sociales),
7700,Servicios de la seguridad social obligatoria (obras sociales),
77000,Servicios de la seguridad social obligatoria (obras sociales),75000p
80,ENSEÑANZA,
802,Enseñanza secundaria,
8020,Enseñanza secundaria,
80200,"Guarderías y jardines maternales; Enseñanza inicial, jardín de infantes y primaria; Enseñanza secundaria general y de formación técnica y profesional",80100 + 80900 p + 80200
803,Enseñanza superior y formación de postgrado,
8030,Enseñanza superior y formación de postgrado,
80300,"Enseñanza terciaria, universitaria y formación de postgrado",80300
809,Enseñanza para adultos y  servicios de enseñanza n.c.p.,
8090,Enseñanza para adultos y  servicios de enseñanza n.c.p.,
80900,Enseñanza para adultos y  servicios de enseñanza n.c.p.,80900 p
81,SERVICIOS PARA LA EDUCACIÓN,
810,Servicios para la educación,
8100,Servicios para la educación,
81000,Servicios para la educación,80900 p
85,SERVICIOS SOCIALES Y DE SALUD,
851,Servicios relacionados con la salud humana,
8511,Servicios hospitalarios,
85110,Servicios de salud con internación,85110
8512,Servicios médicos,
85120,Servicios médicos,85120p
8513,Servicios odontológicos,
85130,Servicios odontológicos,85120p 
8514,Servicios de diagnostico,
85140,Servicios de diagnostico,85120 p
8515,Servicios de tratamiento,
85150,Servicios de tratamiento,85120 p
8516,"Servicio medico integrado de consulta, diagnostico y tratamiento",
85160,"Servicio medico integrado de consulta, diagnostico y tratamiento",85190 p
8517,Servicios de emergencias y traslados,
85170,Servicios de emergencias y traslados,85190 p
8519,Servicios relacionados con la salud humana n.c.p.,
85190,Servicios relacionados con la salud humana n.c.p.,85190 p
852,Servicios veterinarios,
8520,Servicios veterinarios,
85200,Servicios veterinarios,85200
853,Servicios sociales,
8531,Servicios sociales con alojamiento,
85310,Servicios sociales con alojamiento,85310
8532,Servicios sociales sin alojamiento,
85320,Servicios sociales sin alojamiento,85320
90,"ELIMINACIÓN DE DESPERDICIOS Y AGUAS RESIDUALES, SANEAMIENTO Y SERVICIOS SIMILARES",
900,"Eliminación de desperdicios y aguas residuales, saneamiento y servicios similares",
9000,"Eliminación de desperdicios y aguas residuales, saneamiento y servicios similares",
90001,"Recolección, reducción y eliminación de desperdicios",90000p
90002,"Servicios de depuración de aguas residuales, alcantarillado y cloacas",90000p
90009,Servicios de saneamiento publico n.c.p.,90000p
91,SERVICIOS DE ASOCIACIONES N.C.P.,
911,"Servicios de organizaciones empresariales, profesionales y de empleadores",
9111,Servicios de organizaciones empresariales y de empleadores,
91110,Servicios de organizaciones empresariales y de empleadores,91000 p
9112,Servicios de organizaciones profesionales,
91120,Servicios de organizaciones profesionales,91000p
912,Servicios de sindicatos,
9120,Servicios de sindicatos,
91200,Servicios de sindicatos,91000p
919,Servicios de asociaciones n.c.p.,
9191,Servicios de organizaciones religiosas,
91910,Servicios de organizaciones religiosas,91000p
9192,Servicios de organizaciones políticas,
91920,Servicios de organizaciones políticas,91000p
9199,Servicios de asociaciones n.c.p.,
91990,Servicios de asociaciones n.c.p.,91000p
92,SERVICIOS DE ESPARCIMIENTO Y SERVICIOS CULTURALES Y DEPORTIVOS,
921,"Servicios de cinematografía, radio y televisión y servicios de espectáculos artísticos y de diversión n.c.p.",
9211,Producción y distribución de filmes y videocintas,
92110,Producción y distribución de filmes y videocintas,92110p
9212,Exhibición de filmes y videocintas,
92120,Exhibición de filmes y videocintas,92120
9213,Servicios de radio y televisión,
92130,Servicios de radio y televisión,92130
9214,Servicios teatrales y musicales y servicios artísticos n.c.p.,
92140,Servicios teatrales y musicales y servicios artísticos n.c.p.,92140p
9219,Servicios de espectáculos artísticos y de diversión  n.c.p.,
92190,Servicios de espectáculos artísticos y de diversión  n.c.p.,92190p
922,Servicios de agencias de noticias,
9220,Servicios de agencias de noticias,
92200,Servicios de agencias de noticias y servicios de información,92200
923,"Servicios de bibliotecas, archivos y museos y  servicios culturales n.c.p.",
9231,Servicios de bibliotecas y archivos,
92310,Servicios de bibliotecas y archivos,92300p
9232,Servicios de museos y preservación de lugares y edificios históricos,
92320,Servicios de museos y preservación de lugares y edificios históricos,92300p
9233,"Servicios de jardines botánicos, zoológicos y de parques nacionales",
92330,"Servicios de jardines botánicos, zoológicos y de parques nacionales",92300p
9239,Servicios culturales y sociales n.c.p.,
92390,Servicios culturales n.c.p.,92400p
924,Servicios para la practica deportiva y de entretenimiento n.c.p.,
9241,Servicios para practicas deportivas,
92410,Servicios para practicas deportivas,92400p
9249,Servicios de esparcimiento n.c.p.,
92491,Servicios de esparcimiento relacionadas con juegos de azar y apuestas,92400p
92492,Servicios de salones de juegos,92400p
92499,Servicios de entretenimiento n.c.p.,92400p
93,SERVICIOS N.C.P.,
930,SERVICIOS N.C.P.,
9301,"Lavado y limpieza de artículos de tela, cuero y/o de piel, incluso la limpieza en seco",
93010,"Lavado y limpieza de artículos de tela, cuero y/o de piel, incluso la limpieza en seco",93010
9302,Servicios de peluquería y  tratamientos de belleza,
93020,Servicios de peluquería y  tratamientos de belleza,93020
9303,Pompas fúnebres y servicios conexos,
93030,Pompas fúnebres y servicios conexos,93030
9309,Servicios n.c.p.,
93091,Servicios para el mantenimiento físico-corporal,93090p
93099,Servicios n.c.p.,93090p
